ID_ENTIDAD,MUNICIPIO,PARTIDO_CI,CANDIDATURA_PROPIETARIA,CANDIDATURA_SUPLENTE
10,001,CC_PAN_PRI,"DORA ELENA GONZALEZ TREMILLO","MARIA SILVIA RENTERIA BARRAZA"
10,001,C_PVEM_PT_MORENA,"MA DE LOS ANGELES ROJAS RIVERA","ALEJANDRA EDITH RUTIAGA ROSALES"
10,001,MC,"FRANCISCO ALBERTO VELAZQUEZ VENTURA","FRANCISCO ENRIQUEZ CALLEROS"
10,001,PESD,"MANUEL ERNESTO ARREOLA PEREZ","ROBERTO VILLA X"
10,001,PV,"JORGE LUIS GALLEGOS RUIZ",
10,001,PER,"MONICA AZUCENA DIAZ MONTAÑEZ","BERTHA ALICIA NEVAREZ MARTELL"
10,002,CC_PAN_PRI,"VERONICA JIMENEZ ZAVALA","SOLEDAD OSUNA VIZCARRA"
10,002,C_PVEM_PT_MORENA,"YAZMIN ARRIETA VIZCARRA","BLANCA ESTELA ROMERO CHAIREZ"
10,002,MC,"GERARDO RAUDEL HERNANDEZ CARRASCO","IRMA LIZET BELTRAN CARRASCO"
10,003,CC_PAN_PRI,"GERINO MORALES ARREOLA","GERARDO LOPEZ ARREOLA"
10,003,C_PVEM_PT_MORENA,"JAIME SOTO OCHOA","FELIX ALDACO PEREZ"
10,003,PESD,"FERNANDO JOSE MORALES MARIN","CARLOS MOLINA VARELA"
10,003,PV,"CRESCENCIO ARREOLA LOPEZ","ROSA ANGELICA REYES NEVAREZ"
10,004,CC_PAN_PRI,"EDITH BERNARDA OROZCO MACHADO","ANA TERESA SOLIS NAVARRETE"
10,004,C_PVEM_PT_MORENA,"NORMA ELIZABETH SOTELO OCHOA","LINDA SOLEM RIVAS GONZALEZ"
10,004,MC,"MA. CRISTINA FAVELA ANTE","CLAUDIA CONCEPCION GONZALEZ RAMIREZ"
10,004,PESD,"TRINIDAD MEDRANO AGUERO","JORGE IBARRA DEVORA"
10,004,PV,"ISABEL CRUZ CISNEROS","MA IRMA TAVAREZ TAVAREZ"
10,005,CC_PAN_PRI,"JOSE ANTONIO OCHOA RODRIGUEZ","HECTOR EDUARDO VELA VALENZUELA"
10,005,C_PVEM_PT_MORENA,"JOSE RAMON ENRIQUEZ HERRERA","SOTERO SOTO MEJORADO"
10,005,MC,"FRANCISCO FRANCO SOLER","OSCAR MANUEL ZALDIVAR ESCALANTE"
10,005,PESD,"HECTOR SENDEL CARDIEL SOTO","LEONARDO HERNANDEZ ALVAREZ"
10,005,PER,"MARIA GUADALUPE SILERIO NUÑEZ","ELISA ISABEL VAZQUEZ ROSALES"
10,005,CAND_IND_EDRH,"EMMANUEL DAVID REYES HERNANDEZ","MIGUEL ANGEL CONTRERAS OROZCO"
10,006,CC_PAN_PRI,"SILVIA RANGEL ORONA","MINEIDY ZARAY MEDINA CERDA"
10,006,C_PVEM_PT_MORENA,"ROMAN ESQUIVEL RODRIGUEZ","NICASIO MENA MEDINA"
10,007,CC_PAN_PRI,"RAUL ANTONIO MERAZ RAMIREZ","JOSE GABRIEL RODRIGUEZ VILLA"
10,007,C_PVEM_PT_MORENA,"BETZABE MARTINEZ ARANGO","SANJUANA GUADALUPE AGUIRRE GONZALEZ"
10,007,MC,"OMAR ENRIQUE CASTAÑEDA GONZALEZ","RENE GALINDO BUSTAMANTE"
10,007,PESD,"JUANA ALICIA CORTINAS GONZALEZ","YASMIN GUADALUPE DE SANTIAGO RODRIGUEZ"
10,007,PV,"RAMON ROMAN VAZQUEZ",
10,007,PER,"VICTOR ALFREDO MACIAS ORTIZ","JOSE BARBARO JARAMILLO SOLIS"
10,008,PAN,"DAVID RAMOS ZEPEDA","LAURA GABRIELA PARDO BLANCO"
10,008,PRI,"J. CARMEN FERNANDEZ PADILLA","LUIS IGNACIO GONZALEZ MARQUEZ"
10,008,C_PVEM_PT_MORENA,"JORGE ALEJANDRO DUARTE SOLIS","GAMALIEL ORTIZ TORRES"
10,008,MC,"MARLA KARINA ESTRADA ARANDA","BIRIDIANA CISNEROS ALVAREZ"
10,008,PER,"ELIZABETH BARRIOS MONREAL","YOLIVETH MONTELONGO LOPEZ"
10,009,PAN,"RICARDA ALBERTA NUÑEZ ZABALA","NEREIDA NAYELLI VAZQUEZ MATA"
10,009,PRI,"ROGELIO AYALA ARZOLA","CESAR OCTAVIO LOERA FRAGOSO"
10,009,C_PVEM_PT_MORENA,"CHRISTIAN VANESSA ARZOLA LUNA","BEATRIZ ANTONIA ESCALANTE ARMENDARIZ"
10,010,PAN,"JOSE LUIS COVARRUBIAS FAUDOA","IRMA AGUIÑA RAMIREZ"
10,010,PRI,"ROCIO AVILA HERNANDEZ","ADRIANA CHAVEZ SAENZ"
10,010,C_PVEM_PT_MORENA,"HILARIO ARREOLA MOTA","ANGELA DIAZ CABRIALES"
10,010,MC,"DORA MARIA BUSTAMANTE FAVELA","BRINA VAZQUEZ AVILA"
10,011,PAN,"ROSALINA FILETO ANTUNEZ","MARTHA ELENA FILETO ANTUNEZ"
10,011,PRI,"LORENA LUCERO BUSTAMANTE","MIRELLA CABADA LOPEZ"
10,011,C_PVEM_PT_MORENA,"LUIS CARLOS BUSTAMANTE BUSTAMANTE","MARIO MICHEL BORJAS"
10,011,MC,"MARIA DEL ROSARIO NAVARRETE CARRILLO",
10,012,CC_PAN_PRI,"SUSY CAROLINA TORRECILLAS SALAZAR","RITA IRASEMA LOZA COVARRUBIAS"
10,012,C_PVEM_PT_MORENA,"FLORA ISELA LEAL MENDEZ","CINTHYA JACKELINE ANTUNA GARCIA"
10,012,MC,"ANA MARGARITA GARCIA DE LA TORRE","MONICA FERNANDA CASTAÑEDA RUIZ"
10,012,PESD,"MAYAHUEL GUTIERREZ VILLEGAS","REYNA LIZETH BURCIAGA SEGOVIA"
10,012,PER,"FELIPE SANCHEZ RODRIGUEZ","RICARDO SIGIFREDO GUERRERO CASTRO"
10,013,CC_PAN_PRI,"MARINA DE LOS ANGELES DE LLANO MARIN","GRISELDA REYES ALMARAZ"
10,013,C_PVEM_PT_MORENA,"BEATRIZ ADRIANA MARTINEZ VAZQUEZ","MARIA DEL SOCORRO MARTINEZ CARRILLO"
10,013,MC,"ROSA KARINA GUADALUPE MUÑOZ PEREZ","VELIA MACHADO ALVARADO"
10,014,CC_PAN_PRI,"JOSE REFUGIO IBARRA RODRIGUEZ","FLAVIO FLORES NOLASCO"
10,014,C_PVEM_PT_MORENA,"NICOLAS RODRIGUEZ LUNA","VIRGINIA FLORES FLORES"
10,014,MC,"MA. ELENA FLORES GURROLA","REYNA ISABEL PEREZ GALVAN"
10,015,CC_PAN_PRI,"DARIO MEDINA REYES","LUZ MARIA SOTO MALDONADO"
10,015,C_PVEM_PT_MORENA,"ERNESTO ALONSO RIOS JUAREZ","ENRIQUE ALBERTO GUEVARA FRANCO"
10,015,PER,"AVELINA HURTADO AVALOS","MARIA GUADALUPE SOTO PEREZ"
10,016,CC_PAN_PRI,"NANCI CAROLINA VASQUEZ LUNA","MARIA EDELMIRA VASQUEZ LUNA"
10,016,C_PVEM_PT_MORENA,"JUAN FERNANDO SOLIS RIOS","AGUSTIN GARCIA MORALES"
10,016,MC,"CESAR CUAUHTEMOC VALENCIANO VAZQUEZ","JOAQUIN ALONSO CALDERON"
10,016,PV,"EDGAR LEONEL LEYVA SOTO","JOSE ARMANDO GUZMAN GONZALEZ"
10,017,CC_PAN_PRI,"ZAIRA GUADALUPE QUIÑONES VALENZUELA","TANIA QUEZADA GONZALEZ"
10,017,C_PVEM_PT_MORENA,"NORMA ALICIA RUIZ GONZALEZ","NORA ALICIA QUIÑONES SOTO"
10,017,MC,"MARIA MAGDALENA NEVAREZ VARGAS","MARCELA ELIZABETH ANDRADE RIVAS"
10,017,PER,"CANDIDATURA CANCELADA MEDIANTE EL ACUERDO IEPC/CG45/2025","SANDRA JANETRH RIVAS VILLALPANDO"
10,018,PAN,"SILVIA RIOS HERNANDEZ","RUTH RAMIREZ CABRERA"
10,018,PRI,"TERESA DE JESUS ROSALES REYES","TERESA DE JESUS MARTINEZ ALVARADO"
10,018,C_PVEM_PT_MORENA,"NIEVES BORREGO HERNANDEZ","NEIMA OIRIS CORRAL TOCA"
10,018,MC,"CECILIA DEL VAL ORQUIZ",
10,019,CC_PAN_PRI,"OCTAVIO CARRETE CARRETE","CESAR ALBERTO FLORES CERNA"
10,019,C_PVEM_PT_MORENA,"TITO JESUS LOPEZ","ELADIO FAUDOA OZAETA"
10,019,MC,"LUIS SILVESTRE CENICEROS","CECILIO GUADALUPE AMAYA RUBIO"
10,020,CC_PAN_PRI,"ROCIO CORAL MENDOZA PANIAGUA","MARIA DEL ROSARIO RAMIREZ QUINTANA"
10,020,MC,"JOSE EDGARDO NEVAREZ NUÑEZ","EDGAR HERMILO NUÑEZ NEVAREZ"
10,020,MORENA,"DANIEL GUERRERO SARABIA","FLOR YULISSA GUERRERO VARELAS"
10,021,CC_PAN_PRI,"GASTON ARMANDO BRISEÑO CASTAÑEDA","ENRIQUE ARGUIJO VAQUERA"
10,021,C_PVEM_PT_MORENA,"MARIO SERGIO QUIÑONES PRADO","LUIS ROBERTO CEPEDA MEDINA"
10,021,MC,"ALFREDO IVAAN OLIVAS DE SANTIAGO","LUIS FERNANDO HERNANDEZ HERNANDEZ"
10,021,PESD,"OSCAR ANTONIO DELGADO VILLARREAL","SEBASTIAN PUGA HURTADO"
10,022,CC_PAN_PRI,"VERONICA PATRICIA OCHOA SANCHEZ","ARACELY MORALES MARTINEZ"
10,022,C_PVEM_PT_MORENA,"ELIAS BUSTAMANTE HERNANDEZ","IRVING ENRIQUE ORTIZ MORENO"
10,022,MC,"MARCELA MONSERRAT ROBLES MERAZ","MA. LETICIA MENDEZ"
10,022,PESD,"LORENA MOTA VARGAS","ANDREA NAJERA AMAYA"
10,022,PV,"NORMA CATALINA ORONA MENDOZA","MARIA FRANCISCA LOZANO NEVAREZ"
10,023,CC_PAN_PRI,"VICTOR GIOVANNI CAPURRO AISPURO","DANIEL PINEDA IBARRA"
10,023,C_PVEM_PT_MORENA,"ARMANDO GARCIA MEZA","LORENA DEL CARMEN OLVERA CISNEROS"
10,023,MC,"CANDIDATURA CANCELADA MEDIANTE EL ACUERDO IEPC/CG56/2025","GABRIELA VARGAS MIRANDA"
10,023,PESD,"VIOLETA LOERA MARTINEZ","NANCY EDITH LOERA MARTINEZ"
10,023,PER,"ENRIQUE PEREZ ROSALES","CANDIDATURA CANCELADA"
10,024,CC_PAN_PRI,"EDGAR OMAR RODRIGUEZ RAMOS","JORGE RAFAEL GANDARA DIAZ"
10,024,C_PVEM_PT_MORENA,"NANCY FLORES ORNELAS","MARIA ANGELICA DOMINGUEZ AVILA"
10,024,MC,"BRENDA GABRIELA HERNANDEZ RUBIO","ADRIANA JUDITH ESTRADA AVILA"
10,024,PV,"ERNESTO DELGADO DELGADO","JORGE ABEL ALEMAN TINOCO"
10,024,PER,"CANDIDATURA CANCELADA MEDIANTE EL ACUERDO IEPC/CG45/2025","CANDIDATURA CANCELADA MEDIANTE EL ACUERDO IEPC/CG45/2025"
10,025,CC_PAN_PRI,"RODRIGO MEZA RENTERIA","PEDRO FIERRO RAMIREZ"
10,025,C_PVEM_PT_MORENA,"ROCIO LORENA MEDINA AMAYA","MAIRA BEATRIZ ALVAREZ ALDACO"
10,025,MC,"JESUS EDUARDO ESTRADA MERAZ","MIGUEL ANGEL TAMAYO VELA"
10,025,PESD,"JUAN CARLOS ANDRADE AVALOS","EDITH IVONNE RENTERIA ATAYDE"
10,025,PV,"GABINO MEDINA CARDOZA","EDGAR ALEJANDRO GARCIA RAMIREZ"
10,025,PER,"HUMBERTO SILERIO RUTIAGA","DANIEL ONTIVEROS LOPEZ"
10,026,CC_PAN_PRI,"JESUS ARIEL CABRIALES MENDEZ","RENE MARTINEZ RODRIGUEZ"
10,026,C_PVEM_PT_MORENA,"MANUEL EULOGIO RODRIGUEZ AGUIRRE","ENRIQUE GUZMAN MORENO"
10,026,MC,"FRANCISCO JAVIER FLORES ALVARADO","JOSE ALBINO BUENO MONARREZ"
10,027,CC_PAN_PRI,"JOSE ANTONIO VILLEGAS SARABIA","EMMA JANETH ROMERO ESCOBEDO"
10,027,C_PVEM_PT_MORENA,"ELIDA DE LOS RIOS LOPEZ","MARIA CITLALI VILLARREAL CARRIZOSA"
10,027,MC,"JOSE RAMIRO LOZANO BELTRAN","JOSE RAMON HERNANDEZ RIVERA"
10,027,PESD,"LORENA GUZMAN GALINDO","MARIA GRISELDA CELAYA REYES"
10,027,PER,"CANDIDATURA CANCELADA MEDIANTE EL ACUERDO IEPC/CG45/2025","CANDIDATURA CANCELADA MEDIANTE EL ACUERDO IEPC/CG45/2025"
10,028,CC_PAN_PRI,"EFRAIN PADILLA FLORES","JESUS DAVILA MEDINA"
10,028,C_PVEM_PT_MORENA,"MA. ALEJANDRINA RAMIREZ ACOSTA","LETICIA FLORES ALDACO"
10,028,MC,"NOE NERI MUÑOZ","JONATHAN ARATH MIRELES BARRON"
10,028,PESD,"ALEJANDRO MENA HERNANDEZ","LORENZO ESPARZA ZUÑIGA"
10,029,CC_PAN_PRI,"JOSE MANUEL GALLEGOS RANGEL","MA. GUADALUPE JAQUEZ TREMILLO"
10,029,C_PVEM_PT_MORENA,"GLORIA GONZALES ARANGO","MARTHA ELVA HERNANDEZ LUNA"
10,029,PV,"OLGA LYDIA ROBLES VILLA","HERMELINDA MENDOZA GUERRERO"
10,030,CC_PAN_PRI,"MA. MAYELA RUIZ","YACARANDAY VALENZUELA JIMENEZ"
10,030,C_PVEM_PT_MORENA,"MARIA GUADALUPE CHAVARRIA CORCHADO","CECILIA PEREZ ORTEGA"
10,030,MC,"ANDRES RUBIO CASTRO","FELIPE DE JESUS MERAZ BAILON"
10,030,PESD,"ROSALBA RUIZ SALAS","SANDRA MARINA RUIZ RAVELO"
10,031,CC_PAN_PRI,"FLOR MATILDE CARDOZA JIMENEZ","ROSA ELISA JURADO RETANA"
10,031,C_PVEM_PT_MORENA,"REGINALDO CARRILLO VALDEZ","EDITH YADIRA BERMUDEZ CASTAÑEDA"
10,031,MC,"MARIA GUADALUPE ESPINO PEREZ",
10,032,CC_PAN_PRI,"HERMELINDA CRUZ RIVERA","ANA BELY ADAME GUERRERO"
10,032,C_PVEM_PT_MORENA,"MARIA GUADALUPE AGUILAR FRAIRE","MARIA GUILLERMINA MUÑOZ OLVERA"
10,032,MC,"BLANCA GUADALUPE BELTRAN CRUZ",
10,032,PV,"SANDRA ALICIA MARTINEZ AGUILAR","MARIA DEL ROSARIO RIVAS GARCIA"
10,032,PER,"MARISOL MARTINEZ MORENO","CIRA SARAHY RIVAS ORTIZ"
10,033,CC_PAN_PRI,"JOSE RAQUEL RAMIREZ NEVAREZ","ALMA KARINA JAQUEZ SEPULVEDA"
10,033,C_PVEM_PT_MORENA,"KAREN FERNANDA PEREZ HERRERA","GRACIELA URBINA VALDEZ"
10,033,MC,"MARTHA JUDITH URBINA DIAZ","MARIA MAGDALENA ENRIQUEZ ORTEGA"
10,033,PV,"JULIA ROSALES RIVERA","SARA CECILIA REYES ROSALES"
10,033,PER,"MARIA DE JESUS NEVAREZ SEGOVIA","NEFTALI ORTIZ ESTRELLA"
10,034,CC_PAN_PRI,"CINTHYA GUADALUPE MIER GOMEZ","MAYRA JOSEFINA REVELES BUENDIA"
10,034,C_PVEM_PT_MORENA,"BENJAMIN PAEZ PEREZ","HUGO JAVIER PIEDRA MARTINEZ"
10,034,MC,"MYRIAM RODARTE FLORES",
10,034,PER,"GEMA SALAS MERAZ","YULIANA LISBETH SALAS MERAZ"
10,035,CC_PAN_PRI,"JUAN ELIGIO ANGULO ZAMUDIO","LORENZO RIOS SOTO"
10,035,MC,"ANA CECILIA TORRES OJEDA",
10,035,MORENA,"RICARDO OCHOA BELTRAN","MARISOL GARCIA ONTIVEROS"
10,036,CC_PAN_PRI,"OLIVIA MENDOZA SANCHEZ","ESLI YOSELIN MARTINEZ MARTINEZ"
10,036,C_PVEM_PT_MORENA,"JOSE RAMON SANCHEZ ABDALA","ALDO ANTONIO VIRREY FAVELA"
10,036,MC,"MA. DEL SOCORRO ONTIVEROS RIVERA",
10,037,CC_PAN_PRI,"ERIKA JANETT LOPEZ NAVA","BRENDA YADIRA CERVANTES URRUTIA"
10,037,C_PVEM_PT_MORENA,"JUDITH RODRIGUEZ OLIVARES","MIREYA RIVERA GAYTAN"
10,037,MC,"ALFREDO HERNANDEZ MARTINEZ","FERNANDO BARRIENTOS ROBLES"
10,037,PV,"XIOMARA YAMANIN HERNANDEZ DE LA TORRE","TEODORA SANCHEZ TORRES"
10,037,PER,"JUAN MANUEL LUNA FIGUEROA","JOSE LUIS TORRES VAQUERA"
10,038,CC_PAN_PRI,"ANA LAURA DIAZ CHAIDEZ","ALMA YDALIA DIAZ PEINADO"
10,038,C_PVEM_PT_MORENA,"MIRNA YUNELI ROBLES VIZCARRA","MARGARITA TORRES ANGULO"
10,038,MC,"PERLA GRACIELA OLIVAS ESTRADA",
10,038,PESD,"JULIA RAMOS RORIGUEZ","ALBA ALICIA MORENO RODRIGUEZ"
10,039,CC_PAN_PRI,"CESAR SALAS ORTIZ","MANUEL ANTONIO ESPARZA AYALA"
10,039,C_PVEM_PT_MORENA,"JUANA ACEVEDO IBARRA","LAURA ROSELA PASILLAS REYES"
10,039,MC,"MIGUEL JONATHAN RAMIREZ FUENTES","JOSE ROBERTO VALDEZ MATA"
